<portlet-app id="browser-container"
    xmlns="http://java.sun.com/xml/ns/portlet/portlet-app_1_0.xsd"
    version="1.0"
    xmlns:xsi="http://www.w3.org/2001/XMLSchema-instance"
    xsi:schemaLocation="http://java.sun.com/xml/ns/portlet/portlet-app_1_0.xsd
                        http://java.sun.com/xml/ns/portlet/portlet-app_1_0.xsd">
	<portlet>
    	<description>UDDI Browser as a portlet app</description>
		<portlet-name>UDDIBrowserPortlet</portlet-name>
	    <display-name>UDDIBrowser Portlet</display-name>
		<portlet-class>org.apache.juddi.portlets.server.UDDIBrowserPortlet</portlet-class>
		<supports>
			<mime-type>text/html</mime-type>
            <portlet-mode>VIEW</portlet-mode>
		</supports>
	    <portlet-info>
			<title>UDDIBrowser Portlet</title>
	    </portlet-info>
	</portlet>
	<portlet>
    	<description>UDDI Search as a portlet app</description>
		<portlet-name>UDDISearchPortlet</portlet-name>
	    <display-name>UDDISearch Portlet</display-name>
		<portlet-class>org.apache.juddi.portlets.server.UDDISearchPortlet</portlet-class>
		<supports>
			<mime-type>text/html</mime-type>
            <portlet-mode>VIEW</portlet-mode>
		</supports>
	    <portlet-info>
			<title>UDDISearch Portlet</title>
	    </portlet-info>
	</portlet>
	<portlet>
    	<description>UDDI Subscription as a portlet app</description>
		<portlet-name>UDDISubscriptionPortlet</portlet-name>
	    <display-name>UDDISubscriptionPortlet</display-name>
		<portlet-class>org.apache.juddi.portlets.server.UDDISubscriptionPortlet</portlet-class>
		<supports>
			<mime-type>text/html</mime-type>
            <portlet-mode>VIEW</portlet-mode>
		</supports>
	    <portlet-info>
			<title>UDDISubscription Portlet</title>
	    </portlet-info>
	</portlet>

    <portlet>
           <description>UDDI Subscription Notification as a portlet app</description>
           <portlet-name>UDDISubscriptionNotificationPortlet</portlet-name>
           <display-name>UDDISubscriptionNotification Portlet</display-name>
           <portlet-class>org.apache.juddi.portlets.server.UDDISubscriptionNotificationPortlet</portlet-class>
           <supports>
                <mime-type>text/html</mime-type>
                <portlet-mode>VIEW</portlet-mode>
            </supports>
            <portlet-info>
                 <title>UDDISubscriptionNotification Portlet</title>
            </portlet-info>
      </portlet>
      
      <portlet>
   		 <description>JUDDI Publisher as a portlet app</description>
           <portlet-name>JUDDIPublisherPortlet</portlet-name>
           <display-name>JUDDIPublisher Portlet</display-name>
           <portlet-class>org.apache.juddi.portlets.server.JUDDIPublisherPortlet</portlet-class>
           <supports>
                <mime-type>text/html</mime-type>
                <portlet-mode>VIEW</portlet-mode>
            </supports>
            <portlet-info>
                 <title>jUDDIPublisher Portlet</title>
            </portlet-info>
      </portlet>
</portlet-app>
